MSA,MSA_Name,CENSUS_2010_POP
10180,"Abilene, TX",165252
10420,"Akron, OH",703200
10500,"Albany, GA",157308
10540,"Albany, OR",116672
10580,"Albany-Schenectady-Troy, NY",870716
10740,"Albuquerque, NM",887077
10780,"Alexandria, LA",153922
10900,"Allentown-Bethlehem-Easton, PA-NJ",821173
11020,"Altoona, PA",127089
11100,"Amarillo, TX",251933
11180,"Ames, IA",89542
11260,"Anchorage, AK",380821
11460,"Ann Arbor, MI",344791
11500,"Anniston-Oxford-Jacksonville, AL",118572
11540,"Appleton, WI",225666
11700,"Asheville, NC",424858
12020,"Athens-Clarke County, GA",192541
12060,"Atlanta-Sandy Springs-Roswell, GA",5286728
12100,"Atlantic City-Hammonton, NJ",274549
12220,"Auburn-Opelika, AL",140247
12260,"Augusta-Richmond County, GA-SC",564873
12420,"Austin-Round Rock, TX",1716289
12540,"Bakersfield, CA",839631
12580,"Baltimore-Columbia-Towson, MD",2710489
12620,"Bangor, ME",153923
12700,"Barnstable Town, MA",215888
12940,"Baton Rouge, LA",802484
12980,"Battle Creek, MI",136146
13020,"Bay City, MI",107771
13140,"Beaumont-Port Arthur, TX",403190
13220,"Beckley, WV",124898
13380,"Bellingham, WA",201140
13460,"Bend-Redmond, OR",157733
13740,"Billings, MT",158934
13780,"Binghamton, NY",251725
13820,"Birmingham-Hoover, AL",1128047
13900,"Bismarck, ND",114778
13980,"Blacksburg-Christiansburg-Radford, VA",178237
14010,"Bloomington, IL",186133
14020,"Bloomington, IN",159549
14100,"Bloomsburg-Berwick, PA",85562
14260,"Boise City, ID",616561
14460,"Boston-Cambridge-Newton, MA-NH",4552402
14500,"Boulder, CO",294567
14540,"Bowling Green, KY",158599
14740,"Bremerton-Silverdale, WA",251133
14860,"Bridgeport-Stamford-Norwalk, CT",916829
15180,"Brownsville-Harlingen, TX",406220
15260,"Brunswick, GA",112370
15380,"Buffalo-Cheektowaga-Niagara Falls, NY",1135509
15500,"Burlington, NC",151131
15540,"Burlington-South Burlington, VT",211261
15680,"California-Lexington Park, MD",105151
15940,"Canton-Massillon, OH",404422
15980,"Cape Coral-Fort Myers, FL",618754
16020,"Cape Girardeau, MO-IL",96275
16060,"Carbondale-Marion, IL",126575
16180,"Carson City, NV",55274
16220,"Casper, WY",75450
16300,"Cedar Rapids, IA",257940
16540,"Chambersburg-Waynesboro, PA",149618
16580,"Champaign-Urbana, IL",231891
16620,"Charleston, WV",227078
16700,"Charleston-North Charleston, SC",664607
16740,"Charlotte-Concord-Gastonia, NC-SC",2217012
16820,"Charlottesville, VA",218705
16860,"Chattanooga, TN-GA",528143
16940,"Cheyenne, WY",91738
16980,"Chicago-Naperville-Elgin, IL-IN-WI",9461105
17020,"Chico, CA",220000
17140,"Cincinnati, OH-KY-IN",2114580
17300,"Clarksville, TN-KY",260625
17420,"Cleveland, TN",115788
17460,"Cleveland-Elyria, OH",2077240
17660,"Coeur d'Alene, ID",138494
17780,"College Station-Bryan, TX",228660
17820,"Colorado Springs, CO",645613
17860,"Columbia, MO",162642
17900,"Columbia, SC",767598
17980,"Columbus, GA-AL",294865
18020,"Columbus, IN",76794
18140,"Columbus, OH",1901974
18580,"Corpus Christi, TX",428185
18700,"Corvallis, OR",85579
18880,"Crestview-Fort Walton Beach-Destin, FL",235865
19060,"Cumberland, MD-WV",103299
19100,"Dallas-Fort Worth-Arlington, TX",6426214
19140,"Dalton, GA",142227
19180,"Danville, IL",81625
19300,"Daphne-Fairhope-Foley, AL",182265
19340,"Davenport-Moline-Rock Island, IA-IL",379690
19380,"Dayton, OH",799232
19460,"Decatur, AL",153829
19500,"Decatur, IL",110768
19660,"Deltona-Daytona Beach-Ormond Beach, FL",590289
19740,"Denver-Aurora-Lakewood, CO",2543482
19780,"Des Moines-West Des Moines, IA",569633
19820,"Detroit-Warren-Dearborn, MI",4296250
20020,"Dothan, AL",145639
20100,"Dover, DE",162310
20220,"Dubuque, IA",93653
20260,"Duluth, MN-WI",279771
20500,"Durham-Chapel Hill, NC",504357
20700,"East Stroudsburg, PA",169842
20740,"Eau Claire, WI",161151
20940,"El Centro, CA",174528
21060,"Elizabethtown-Fort Knox, KY",148338
21140,"Elkhart-Goshen, IN",197559
21300,"Elmira, NY",88830
21340,"El Paso, TX",804123
21500,"Erie, PA",280566
21660,"Eugene, OR",351715
21780,"Evansville, IN-KY",311552
21820,"Fairbanks, AK",97581
22020,"Fargo, ND-MN",208777
22140,"Farmington, NM",130044
22180,"Fayetteville, NC",366383
22220,"Fayetteville-Springdale-Rogers, AR-MO",463204
22380,"Flagstaff, AZ",134421
22420,"Flint, MI",425790
22500,"Florence, SC",205566
22520,"Florence-Muscle Shoals, AL",147137
22540,"Fond du Lac, WI",101633
22660,"Fort Collins, CO",299630
22900,"Fort Smith, AR-OK",280467
23060,"Fort Wayne, IN",416257
23420,"Fresno, CA",930450
23460,"Gadsden, AL",104430
23540,"Gainesville, FL",264275
23580,"Gainesville, GA",179684
23900,"Gettysburg, PA",101407
24020,"Glens Falls, NY",128923
24140,"Goldsboro, NC",122623
24220,"Grand Forks, ND-MN",98461
24260,"Grand Island, NE",81850
24300,"Grand Junction, CO",146723
24340,"Grand Rapids-Wyoming, MI",988938
24420,"Grants Pass, OR",82713
24500,"Great Falls, MT",81327
24540,"Greeley, CO",252825
24580,"Green Bay, WI",306241
24660,"Greensboro-High Point, NC",723801
24780,"Greenville, NC",168148
24860,"Greenville-Anderson-Mauldin, SC",824112
25060,"Gulfport-Biloxi-Pascagoula, MS",370702
25180,"Hagerstown-Martinsburg, MD-WV",251599
25220,"Hammond, LA",121097
25260,"Hanford-Corcoran, CA",152982
25420,"Harrisburg-Carlisle, PA",549475
25500,"Harrisonburg, VA",125228
25540,"Hartford-West Hartford-East Hartford, CT",1212381
25620,"Hattiesburg, MS",142842
25860,"Hickory-Lenoir-Morganton, NC",365497
25940,"Hilton Head Island-Bluffton-Beaufort, SC",187010
25980,"Hinesville, GA",77917
26140,"Homosassa Springs, FL",141236
26300,"Hot Springs, AR",96024
26380,"Houma-Thibodaux, LA",208178
26420,"Houston-The Woodlands-Sugar Land, TX",5920416
26580,"Huntington-Ashland, WV-KY-OH",364908
26620,"Huntsville, AL",417593
26820,"Idaho Falls, ID",133265
26900,"Indianapolis-Carmel-Anderson, IN",1887877
26980,"Iowa City, IA",152586
27060,"Ithaca, NY",101564
27100,"Jackson, MI",160248
27140,"Jackson, MS",567122
27180,"Jackson, TN",130011
27260,"Jacksonville, FL",1345596
27340,"Jacksonville, NC",177772
27500,"Janesville-Beloit, WI",160331
27620,"Jefferson City, MO",149807
27740,"Johnson City, TN",198716
27780,"Johnstown, PA",143679
27860,"Jonesboro, AR",121026
27900,"Joplin, MO",175518
27980,"Kahului-Wailuku-Lahaina, HI",154924
28020,"Kalamazoo-Portage, MI",326589
28100,"Kankakee, IL",113449
28140,"Kansas City, MO-KS",2009342
28420,"Kennewick-Richland, WA",253340
28660,"Killeen-Temple, TX",405300
28700,"Kingsport-Bristol-Bristol, TN-VA",309544
28740,"Kingston, NY",182493
28940,"Knoxville, TN",837571
29020,"Kokomo, IN",82752
29100,"La Crosse-Onalaska, WI-MN",133665
29180,"Lafayette, LA",466750
29200,"Lafayette-West Lafayette, IN",201789
29340,"Lake Charles, LA",199607
29420,"Lake Havasu City-Kingman, AZ",200186
29460,"Lakeland-Winter Haven, FL",602095
29540,"Lancaster, PA",519445
29620,"Lansing-East Lansing, MI",464036
29700,"Laredo, TX",250304
29740,"Las Cruces, NM",209233
29820,"Las Vegas-Henderson-Paradise, NV",1951269
29940,"Lawrence, KS",110826
30020,"Lawton, OK",130291
30140,"Lebanon, PA",133568
30300,"Lewiston, ID-WA",60888
30340,"Lewiston-Auburn, ME",107702
30460,"Lexington-Fayette, KY",472099
30620,"Lima, OH",106331
30700,"Lincoln, NE",302157
30780,"Little Rock-North Little Rock-Conway, AR",699757
30860,"Logan, UT-ID",125442
30980,"Longview, TX",214369
31020,"Longview, WA",102410
31080,"Los Angeles-Long Beach-Anaheim, CA",12828837
31140,"Louisville/Jefferson County, KY-IN",1235708
31180,"Lubbock, TX",290805
31340,"Lynchburg, VA",252634
31420,"Macon, GA",232293
31460,"Madera, CA",150865
31540,"Madison, WI",605435
31700,"Manchester-Nashua, NH",400721
31740,"Manhattan, KS",92719
31860,"Mankato-North Mankato, MN",96740
31900,"Mansfield, OH",124475
32580,"McAllen-Edinburg-Mission, TX",774769
32780,"Medford, OR",203206
32820,"Memphis, TN-MS-AR",1324829
32900,"Merced, CA",255793
33100,"Miami-Fort Lauderdale-West Palm Beach, FL",5564635
33140,"Michigan City-La Porte, IN",111467
33220,"Midland, MI",83629
33260,"Midland, TX",141671
33340,"Milwaukee-Waukesha-West Allis, WI",1555908
33460,"Minneapolis-St. Paul-Bloomington, MN-WI",3348859
33540,"Missoula, MT",109299
33660,"Mobile, AL",412992
33700,"Modesto, CA",514453
33740,"Monroe, LA",176441
33780,"Monroe, MI",152021
33860,"Montgomery, AL",374536
34060,"Morgantown, WV",129709
34100,"Morristown, TN",113951
34580,"Mount Vernon-Anacortes, WA",116901
34620,"Muncie, IN",117671
34740,"Muskegon, MI",172188
34820,"Myrtle Beach-Conway-North Myrtle Beach, SC-NC",376722
34900,"Napa, CA",136484
34940,"Naples-Immokalee-Marco Island, FL",321520
34980,"Nashville-Davidson--Murfreesboro--Franklin, TN",1670890
35100,"New Bern, NC",126802
35300,"New Haven-Milford, CT",862477
35380,"New Orleans-Metairie, LA",1189866
35620,"New York-Newark-Jersey City, NY-NJ-PA",19567410
35660,"Niles-Benton Harbor, MI",156813
35840,"North Port-Sarasota-Bradenton, FL",702281
35980,"Norwich-New London, CT",274055
36100,"Ocala, FL",331298
36140,"Ocean City, NJ",97265
36220,"Odessa, TX",137130
36260,"Ogden-Clearfield, UT",597159
36420,"Oklahoma City, OK",1252987
36500,"Olympia-Tumwater, WA",252264
36540,"Omaha-Council Bluffs, NE-IA",865350
36740,"Orlando-Kissimmee-Sanford, FL",2134411
36780,"Oshkosh-Neenah, WI",166994
36980,"Owensboro, KY",114752
37100,"Oxnard-Thousand Oaks-Ventura, CA",823318
37340,"Palm Bay-Melbourne-Titusville, FL",543376
37460,"Panama City, FL",184715
37620,"Parkersburg-Vienna, WV",92673
37860,"Pensacola-Ferry Pass-Brent, FL",448991
37900,"Peoria, IL",379186
37980,"Philadelphia-Camden-Wilmington, PA-NJ-DE-MD",5965343
38060,"Phoenix-Mesa-Scottsdale, AZ",4192887
38220,"Pine Bluff, AR",100258
38300,"Pittsburgh, PA",2356285
38340,"Pittsfield, MA",131219
38540,"Pocatello, ID",82839
38860,"Portland-South Portland, ME",514098
38900,"Portland-Vancouver-Hillsboro, OR-WA",2226009
38940,"Port St. Lucie, FL",424107
39140,"Prescott, AZ",211033
39300,"Providence-Warwick, RI-MA",1600852
39340,"Provo-Orem, UT",526810
39380,"Pueblo, CO",159063
39460,"Punta Gorda, FL",159978
39540,"Racine, WI",195408
39580,"Raleigh, NC",1130490
39660,"Rapid City, SD",134598
39740,"Reading, PA",411442
39820,"Redding, CA",177223
39900,"Reno, NV",425417
40060,"Richmond, VA",1208101
40140,"Riverside-San Bernardino-Ontario, CA",4224851
40220,"Roanoke, VA",308707
40340,"Rochester, MN",206877
40380,"Rochester, NY",1079671
40420,"Rockford, IL",349431
40580,"Rocky Mount, NC",152392
40660,"Rome, GA",96317
40900,"Sacramento--Roseville--Arden-Arcade, CA",2149127
40980,"Saginaw, MI",200169
41060,"St. Cloud, MN",189093
41100,"St. George, UT",138115
41140,"St. Joseph, MO-KS",127329
41180,"St. Louis, MO-IL",2787701
41420,"Salem, OR",390738
41500,"Salinas, CA",415057
41540,"Salisbury, MD-DE",373802
41620,"Salt Lake City, UT",1087873
41660,"San Angelo, TX",111823
41700,"San Antonio-New Braunfels, TX",2142508
41740,"San Diego-Carlsbad, CA",3095313
41860,"San Francisco-Oakland-Hayward, CA",4335391
41940,"San Jose-Sunnyvale-Santa Clara, CA",1836911
42020,"San Luis Obispo-Paso Robles-Arroyo Grande, CA",269637
42100,"Santa Cruz-Watsonville, CA",262382
42140,"Santa Fe, NM",144170
42200,"Santa Maria-Santa Barbara, CA",423895
42220,"Santa Rosa, CA",483878
42340,"Savannah, GA",347611
42540,"Scranton--Wilkes-Barre--Hazleton, PA",563631
42660,"Seattle-Tacoma-Bellevue, WA",3439809
42680,"Sebastian-Vero Beach, FL",138028
42700,"Sebring, FL",98786
43100,"Sheboygan, WI",115507
43300,"Sherman-Denison, TX",120877
43340,"Shreveport-Bossier City, LA",439811
43420,"Sierra Vista-Douglas, AZ",131346
43580,"Sioux City, IA-NE-SD",168563
43620,"Sioux Falls, SD",228261
43780,"South Bend-Mishawaka, IN-MI",319224
43900,"Spartanburg, SC",313268
44060,"Spokane-Spokane Valley, WA",527753
44100,"Springfield, IL",210170
44140,"Springfield, MA",621570
44180,"Springfield, MO",436712
44220,"Springfield, OH",138333
44300,"State College, PA",153990
44420,"Staunton-Waynesboro, VA",118502
44700,"Stockton-Lodi, CA",685306
44940,"Sumter, SC",107456
45060,"Syracuse, NY",662577
45220,"Tallahassee, FL",367413
45300,"Tampa-St. Petersburg-Clearwater, FL",2783243
45460,"Terre Haute, IN",172425
45500,"Texarkana, TX-AR",149198
45540,"The Villages, FL",93420
45780,"Toledo, OH",610001
45820,"Topeka, KS",233870
45940,"Trenton, NJ",366513
46060,"Tucson, AZ",980263
46140,"Tulsa, OK",937478
46220,"Tuscaloosa, AL",230162
46340,"Tyler, TX",209714
46520,"Urban Honolulu, HI",953207
46540,"Utica-Rome, NY",299397
46660,"Valdosta, GA",139588
46700,"Vallejo-Fairfield, CA",413344
47020,"Victoria, TX",94003
47220,"Vineland-Bridgeton, NJ",156898
47260,"Virginia Beach-Norfolk-Newport News, VA-NC",1676822
47300,"Visalia-Porterville, CA",442179
47380,"Waco, TX",252772
47460,"Walla Walla, WA",62859
47580,"Warner Robins, GA",179605
47900,"Washington-Arlington-Alexandria, DC-VA-MD-WV",5636232
47940,"Waterloo-Cedar Falls, IA",167819
48060,"Watertown-Fort Drum, NY",116229
48140,"Wausau, WI",134063
48260,"Weirton-Steubenville, WV-OH",124454
48300,"Wenatchee, WA",110884
48540,"Wheeling, WV-OH",147950
48620,"Wichita, KS",630919
48660,"Wichita Falls, TX",151306
48700,"Williamsport, PA",116111
48900,"Wilmington, NC",254884
49020,"Winchester, VA-WV",128472
49180,"Winston-Salem, NC",640595
49340,"Worcester, MA-CT",916980
49420,"Yakima, WA",243231
49620,"York-Hanover, PA",434972
49660,"Youngstown-Warren-Boardman, OH-PA",565773
49700,"Yuba City, CA",166892
49740,"Yuma, AZ",195751
